{
  "Total" : {
    "transaction" : "Total",
    "sampleCount" : 50,
    "errorCount" : 0,
    "errorPct" : 0.0,
    "meanResTime" : 309.20000000000005,
    "medianResTime" : 170.5,
    "minResTime" : 120.0,
    "maxResTime" : 2332.0,
    "pct1ResTime" : 681.9999999999999,
    "pct2ResTime" : 941.8999999999999,
    "pct3ResTime" : 2332.0,
    "throughput" : 7.991050023973149,
    "receivedKBytesPerSec" : 743.0980426921848,
    "sentKBytesPerSec" : 1.0847226106760428
  },
  "GET Books" : {
    "transaction" : "GET Books",
    "sampleCount" : 50,
    "errorCount" : 0,
    "errorPct" : 0.0,
    "meanResTime" : 309.20000000000005,
    "medianResTime" : 170.5,
    "minResTime" : 120.0,
    "maxResTime" : 2332.0,
    "pct1ResTime" : 681.9999999999999,
    "pct2ResTime" : 941.8999999999999,
    "pct3ResTime" : 2332.0,
    "throughput" : 7.991050023973149,
    "receivedKBytesPerSec" : 743.0980426921848,
    "sentKBytesPerSec" : 1.0847226106760428
  }
}